key,en
1_YEAR_LABEL,1y
2_YEAR_LABEL,2y
3_YEAR_LABEL,3y
ACTION_DOWNLOAD_RESULT,Download result
ACTION_GENERATE_AND_DOWNLOAD_REPORT,Generate and download report
ACTION_GENERATE_AND_DOWNLOAD_REPORT_SELECTOR,Select report
ACTION_RELEASE,Validate indicator
ACTION_RELEASE_DISABLED_NORELEASABLE,The indicator cannot be released due to gaps in data
ACTION_RELEASE_DISABLED_YETRELEASED,The indicator is already released
ACTION_STAGING,Compute indicator
ACTION_UNRELEASE,Unvalidate indicator
ACTION_UPDATE,Update indicator
ACTION_VIEW,Show/hide result
ACTIONBUTTON_LABEL_TEST_VALIDITY,Test file validity
AGE_SELECTOR_LABEL,Age range :
ALL_YEAR_LABEL,all
ANNUAL_CATCH_AVERAGE,Annual catch average
ARTFISH_EXPLORER_LOADER_INIT_MESSAGE,Starting computation...
ARTFISH_EXPLORER_LOADER_LOADING_MESSAGE,Please wait while estimates are computed
ARTFISH_EXPLORER_LOADER_TITLE,Computing Artfish estimates
ARTFISH_LINECHART_LABEL_LEVELS,Level
ARTFISH_LINECHART_LABEL_PLOT,Plot
ARTFISH_LINECHART_LABEL_STATISTICS,Statistics
ARTFISH_LINECHART_LEVEL_LABEL_DETAIL,Detail
ARTFISH_LINECHART_LEVEL_LABEL_GLOBAL,Global
ARTFISH_LINECHART_RANK_LABEL,Display x most caught
ARTFISH_LINECHART_RANK_LABEL_ANNUAL_CATCH_AVERAGE,Annual catch average
ARTFISH_LINECHART_RANK_LABEL_LAST_YEAR_TOTAL_CATCH,Last year total catch
ARTFISH_LINECHART_RANK_LABEL_TOTAL_CATCH_OVER_THE_PERIOD,Total catch over the period
ARTFISH_LINECHART_SELECT_INPUT_TITLE_RANK_METHOD,Rank method
ARTFISH_LINECHART_X_LABEL_TITLE,Time
ARTISANAL_VALIDATION_FILEINPUT_LABEL_TITLE,Import a data file
ARTISANAL_VALIDATION_MESSAGE,"Error has occured during upload, Please check the logbook i.e (column names, trip_#'s) and upload again!"
ARTISANAL_VALIDATION_TITLE,Validate Artisanal data
AVAILABLE_VARIABLES,Unselected variables
AVERAGE,Average
BACK_TO_LIST_OF_INDIVIDUALS,Back to list of individuals
BACK_TO_LIST_OF_REPORTS,Back to list of reports
BACK_TO_LIST_OF_VESSELS,<< Back to list of vessels
BEAM,Beam (m)
BREAKDOWN_OF_TOTAL_QUANTITIES_LANDINGSITE_SPICIES_YEAR_DATA_EXPORT_FILENAME,species_quantities_by_landingsite
BREAKDOWN_OF_TOTAL_QUANTITIES_LANDINGSITE_SPICIES_YEAR_PDF_TITLE,Species quantities by landing site
BREAKDOWN_OF_TOTAL_QUANTITIES_LANDINGSITE_SPICIES_YEAR_TITLE,Breakdown of total quantities by landing site / species / year
BREAKDOWN_OF_TOTAL_QUANTITIES_LANDINGSITE_YEAR_DATA_EXPORT_FILENAME,total_quantities_by_landingsite
BREAKDOWN_OF_TOTAL_QUANTITIES_LANDINGSITE_YEAR_PDF_TITLE,Total quantities by landing site
BREAKDOWN_OF_TOTAL_QUANTITIES_LANDINGSITE_YEAR_TITLE,Breakdown of total quantities by landing site / year
BUCKET_HEADER,Drag the items in choosen bucket to display desired statistics
BUTTON_DOWNLOAD_REPORT_TITLE,Download report
BUTTON_DOWNLOAD_RESULT_TITLE,Download result
BUTTON_RELEASE_TITLE,Release
BY_OWNER_DATA_EXPORT_FILENAME,quantities_by_vessel_owner
BY_OWNER_PDF_TITLE,Quantities by vessel owner
BY_VESSEL_DATA_EXPORT_FILENAME,quantities_by_vessel
BY_VESSEL_PDF_TITLE,Quantities by vessel
CALIPSEO_DATA_COLNAME,Calipseo
CATCH_UNIT,tons
CATCHES_DATA_SOURCE_ART,From sample-based survey
CATCHES_DATA_SOURCE_INDUS,From logbooks
COL_VARIABLES,Display as columns
COMPUTATION_ACTIONBUTTON_LABEL,Compute
COMPUTATION_INDICATOR_LABEL,Statistical indicator
COMPUTATION_INDICATOR_PLACEHOLDER_LABEL,Select an indicator
COMPUTATION_MONTH_LABEL,Month
COMPUTATION_MONTH_PLACEHOLDER_LABEL,Select a month
COMPUTATION_NODATA,No available data periods to run the indicator!
COMPUTATION_PROGRESS_SUB_LABEL,Initialize & read data...
COMPUTATION_QUARTER_LABEL,Quarter
COMPUTATION_QUARTER_PLACEHOLDER_LABEL,Select a quarter
COMPUTATION_RESULTS_LABEL,Computation results
COMPUTATION_RESULTS_TABLE_COLNAME_ACTIONS,Actions
COMPUTATION_RESULTS_TABLE_COLNAME_DATE,Date
COMPUTATION_RESULTS_TABLE_COLNAME_FILE,File
COMPUTATION_RESULTS_TABLE_COLNAME_PERIOD,Period
COMPUTATION_RESULTS_TABLE_COLNAME_STATUS,Status
COMPUTATION_RUN_LABEL,Run statistics
COMPUTATION_SUBTITLE,Compute statistics and download statistical reports
COMPUTATION_TARGET_LABEL,Compute indicator based on
COMPUTATION_TARGET_RELEASE_AND_STAGING_ITEM,Released and staging indicators
COMPUTATION_TARGET_RELEASE_ITEM,Released indicators only
COMPUTATION_TITLE,Statistics
COMPUTATION_YEAR_LABEL,Year
COMPUTATION_YEAR_PLACEHOLDER_LABEL,Select a year
COMPUTATION_YEAR_PLACEHOLDER_LABEL_EMPTY,No data available
CONFIDENCE_INTERVAL_NORMAL_DISTRIBUTION,Confidence Interval (CI) - normal distribution
CONFIDENCE_INTERVAL_QUANTILE_METHOD,Confidence Interval (CI) - quantile method
CONFIDENCE_INTERVAL_T_DISTRIBUTION,Confidence Interval (CI) - t distribution
CONFIRMATION_TO_CREATE_RELEASE,"Are you sure to want to create a release? If yes click OK to confirm, or cancel."
CONFIRMATION_TO_RECOMPUTE,"Are you sure to want to recompute your indicator? If yes, please explain and click OK to confirm, or cancel."
CONFIRMATION_TO_UNRELEASE,"Are you sure to want to unvalidate your indicator? If yes click OK to confirm, or cancel."
CREATE_RELEASE_LABEL,Create a release
DATA_STATUS,Data validation status
DATA_TABPANEL_TITLE,Data
DATASET_RELEASED_LABEL,"Dataset already released. Click OK to overwrite release, or cancel."
DATE_SEPARATOR_TO,to
DAYS,days
DISPLAY_TRIP_MSG,Click on a trip to see more information
DRAFT_LABEL,Draft
DRAUGHT,Draught (m)
EMPTY_PLOT_LABEL,(Select an indicator to access to completion status)
EMPTY_TABLE_MESSAGE,(Please select variables to display statistic table)
ERROR,Error
ERROR_COMPUTING_LABEL,Error while executing indicator
ERROR_IN_DATA_TITLE,Error(s) in data
ERROR_REPORTING_LABEL,Error during report generation
ERROR_TABLE_COLNAME_1,Trip ID
ERROR_TABLE_COLNAME_2,Vessel Registration
ERROR_TABLE_COLNAME_3,Issue Level
ERROR_TABLE_COLNAME_4,Issue Domain
ERROR_TABLE_COLNAME_5,Description
ERROR_TABLE_DATA_FILENAME,errors_
EXECUTE_INDICATOR_LABEL,Execute indicator
EXECUTE_R_SCRIPT_LABEL,Execute R script...
EXPORT_RESULTS_STAGING_LABEL,Export result to 'staging' area...
FILL_SELECTOR_LABEL,Fill by
FILTER_NO_VALUE,No item selected
FILTER_SELECTOR_LABEL,Filter '%s' items :
FISHING_GEAR_LABEL,Fishing gear
FISHING_ZONE_COORDINATES_NOT_AVAILABLE,fishing zone coordinates not available
FISHING_ZONE_LABEL,Fishing zone
GEAR_TYPE_LABEL,Gear type
GENERATE_DOWNLOAD_REPORT_LABEL,Generate & download report
GENERATE_REPORT_FILE,Download report file
GENERATE_SQL_FILE,Generate SQL file
GLOBAL_QUANTITY_LABEL,Global quantity
GLOBAL_VESSEL_LABEL,Number of vessels
GLOBAL_VESSEL_PLOT_UNIT,vessels
GLOBAL_VESSEL_PLOT_XLAB,Time
GLOBAL_VESSEL_PLOT_YLAB,Number of vessels
GRANU_LABEL_MONTH,Month
GRANU_LABEL_WEEK,Week
GRANU_LABEL_YEAR,Year
GRAPH_TABPANEL_TITLE,Graph
GROSS TONNAGE,Gross Tonnage
HISTORY_CATCHES_COLNAME_1,Year
HISTORY_CATCHES_COLNAME_10,Quantity
HISTORY_CATCHES_COLNAME_11,Value
HISTORY_CATCHES_COLNAME_2,Departure Datetime
HISTORY_CATCHES_COLNAME_3,Return Datetime
HISTORY_CATCHES_COLNAME_4,Days At Sea
HISTORY_CATCHES_COLNAME_5,Crew
HISTORY_CATCHES_COLNAME_6,Greater Fishing Area
HISTORY_CATCHES_COLNAME_7,Beach Name
HISTORY_CATCHES_COLNAME_8,Fishing Method
HISTORY_CATCHES_COLNAME_9,Species Description
HISTORY_CATCHES_DATA_EXPORT_FILENAME,vessel_catch_history_%s
HISTORY_CATCHES_PDF_TITLE,Vessel '%s' (%s) Catch history (as of %s)
HISTORY_DATA_EXPORT_FILENAME,vessel_historical_characteristics_%s
HISTORY_PDF_TITLE,Vessel '%s' (%s) Historical Characteristics
HISTORY_TABLE_COLNAME_1,Type
HISTORY_TABLE_COLNAME_2,Description
HISTORY_TABLE_COLNAME_3,Old Value
HISTORY_TABLE_COLNAME_4,New Value
HISTORY_TABLE_COLNAME_5,Change Date
HOME_CALIPSEO_SUBTITLE,Access and compute statistics over the Calipseo platform
HOME_CALIPSEO_TITLE,Calipseo Shiny
HOME_PORT,Home port: 
HOVER_ON_POINT_LABEL,Hover on a point!
IMAGE_SOURCE,Image source
INDIVIDUAL_DOB,Birth Date
INDIVIDUAL_EDUCATIONAL_LEVEL,Educational level
INDIVIDUAL_ENT_DOC_NUMBER,Entity Document Number
INDIVIDUAL_ENT_DOC_TYPE,Entity Document Type
INDIVIDUAL_FISHER_STATUS_ACTIVE,Fisher active
INDIVIDUAL_FISHER_STATUS_INACTIVE,Fisher non active
INDIVIDUAL_GENDER,Gender
INDIVIDUAL_INFO_TITLE,Individual information
INDIVIDUAL_LIST_LABEL_CAPTAIN,Captain
INDIVIDUAL_LIST_LABEL_HOLDER_FISHING_ID,Holder of fishing Id
INDIVIDUAL_LIST_LABEL_HOLDER_FISHING_LICENSE,Holder of fishing License
INDIVIDUAL_LIST_LABEL_OWNER,Owner
INDIVIDUAL_LIST_SUBTITLE,Access information on individuals
INDIVIDUAL_LIST_TABLE_COLNAME_DETAILS,
INDIVIDUAL_LIST_TABLE_COLNAME_FIRST_NAME,First Name
INDIVIDUAL_LIST_TABLE_COLNAME_FISHERID,Fisher ID
INDIVIDUAL_LIST_TABLE_COLNAME_GENDER,Gender
INDIVIDUAL_LIST_TABLE_COLNAME_GENDER_UNDEFINED,Undefined
INDIVIDUAL_LIST_TABLE_COLNAME_LAST_NAME,Last Name
INDIVIDUAL_LIST_TABLE_COLNAME_MIDDLE_NAME,Middle Name
INDIVIDUAL_LIST_TABLE_COLNAME_SALUTATIONS,Salutations
INDIVIDUAL_LIST_TABLE_COLNAME_SITE,Site
INDIVIDUAL_LIST_TABLE_COLNAME_STATUS,Status
INDIVIDUAL_LIST_TABLE_COLNAME_STATUS_ACTIVE,Active
INDIVIDUAL_LIST_TABLE_COLNAME_STATUS_INACTIVE,Inactive
INDIVIDUAL_LIST_TABLE_COLNAME_STATUS_NOTCONCERNED,Not concerned
INDIVIDUAL_LIST_TABLE_COLNAME_SUFFIX_NAME,Suffix Name
INDIVIDUAL_LIST_TABLE_COLNAME_TYPE,Type
INDIVIDUAL_LIST_TABLE_COLNAME_TYPE_FISHER,Fisher
INDIVIDUAL_LIST_TABLE_COLNAME_TYPE_NONFISHER,Non fisher
INDIVIDUAL_LIST_TITLE,List of individuals
INDIVIDUAL_NAME,Name
INDIVIDUAL_OVERVIEW_INDICATORS_BOX_LABEL,Indicators
INDIVIDUAL_OVERVIEW_MAP_BOX_LABEL,Map
INDIVIDUAL_OVERVIEW_PYRAMID_BOX_LABEL,Distribution by age
INDIVIDUAL_OVERVIEW_SUBTITLE,Visualize the overview of individuals
INDIVIDUAL_OVERVIEW_SUNBURST_BOX_LABEL,Distribution by category
INDIVIDUAL_OVERVIEW_TABLE_BOX_LABEL,Number of individuals
INDIVIDUAL_OVERVIEW_TITLE,Overview of individuals
INDIVIDUAL_OVERVIEW_VERTICALTABPANEL_GRAPHS,Profile
INDIVIDUAL_OVERVIEW_VERTICALTABPANEL_TABLE,Statistics
INDIVIDUAL_PROPERTY_EDUCATION,Education
INDIVIDUAL_PROPERTY_GENDER,Gender
INDIVIDUAL_PROPERTY_LICENSE,License
INDIVIDUAL_PROPERTY_ROLE,Role
INDIVIDUAL_PROPERTY_SITE,Site
INDIVIDUAL_PROPERTY_STATUS,Status
INDIVIDUAL_PROPERTY_TYPE,Type
INDIVIDUAL_PROPERTY_WORKTIME,Worktime
INDIVIDUAL_QA_STATUS_TOCHECK,Missing
INDIVIDUAL_QA_STATUS_VALID,Available
INDIVIDUAL_QA_SUBTITLE,Access information on individuals
INDIVIDUAL_QA_TABLE_COLNAME_1,STATUS
INDIVIDUAL_QA_TABLE_COLNAME_2,COUNT
INDIVIDUAL_QA_TITLE,Individuals Quality Assessment
INDIVIDUAL_QA_TITLE_DOB,Quality assessment on individual date of birth
INDIVIDUAL_ROLE_TABLE_COLNAME_1,Role
INDIVIDUAL_ROLE_TABLE_COLNAME_2,Status
INDIVIDUAL_ROLES_TITLE,Individuals' roles in fishery
INDIVIDUAL_TYPE_FISHER,Fisher
INDIVIDUAL_TYPE_NONFISHER,Non fisher
INDIVIDUAL_UNKNOWN_VALUE,Unknown
INDIVIDUALS,Individuals
INFOBOX_LICENSE_STATUS,license status
INFOBOX_MEAN_DAYS_AT_SEA_FISHING_TRIPS,Mean days at sea / fishing trip
INFOBOX_MEAN_FISHING_TRIPS_YEAR,Mean fishing trips/year
INFOBOX_NUMBER_OF_FISHING_GEARS,Fishing gears
INFOBOX_NUMBER_OF_LANDING_SITES,Landing sites
INFOBOX_NUMBER_OF_LICENSES,Licenses
INFOBOX_NUMBER_OF_OWNERS,Owners
INFOBOX_NUMBER_OF_SPECIES_CAUGHT,Species caught
INFOBOX_OVERVIEW_LOGBOOK_REPORTING_PERCENTAGE,Logbook reporting percentage
INFOBOX_OVERVIEW_TOTAL_PARTICIPATING_VESSELS,Total participating vessels
INFOBOX_OVERVIEW_TOTAL_QUANTITY,Total quantity
INFOBOX_TITLE_FISHER,Fisher
INFOBOX_TITLE_FISHER_ACTIVE,Active Fisher
INFOBOX_TITLE_FISHING_TRIPS,Fishing trips
INFOBOX_TITLE_LANDING_SITES,Landing sites
INFOBOX_TITLE_LICENSE,License
INFOBOX_TITLE_LICENSE_ACTIVE,Active License
INFOBOX_TITLE_NON_FISHER,Non Fisher
INFOBOX_TITLE_NUMBER_OF_TRIPS,Number of trips
INFOBOX_TITLE_NUMBER_OF_VESSELS,Number of vessels
INFOBOX_TITLE_TOTAL,Individuals Total
INFOBOX_TITLE_VESSEL_ACTIVE,Active Vessels
INFOBOX_TITLE_VESSEL_CAPTAINS,Vessel captains
INFOBOX_TITLE_VESSEL_OWNERS,Vessel owners
INFOBOX_TITLE_VESSEL_TOTAL,Total number of vessels
INFOBOX_TITLE_VESSELS,Vessels
INFOBOX_TITLE_YEARS_ANALYZED,Years analyzed
INFOBOX_VESSEL_OPERATIONAL_STATUS,Vessel Operational Status
LABEL_BOX_INDICATOR,Select an indicator
LABEL_BOX_PLOT,Indicator's status
LABEL_CONTENT,Diversity
LABEL_CONTENT_SUBTITLE,species
LABEL_FISHING_GEAR,Fishing gear
LABEL_FISHING_ZONE,Fishing zone
LABEL_GLOBAL_CPUE,Global CPUE
LABEL_GLOBAL_CPUE_SUBTITLE_KG,kg/day
LABEL_GLOBAL_CPUE_SUBTITLE_LB,lb/day
LABEL_GLOBAL_CPUE_SUBTITLE_OTHER,/day
LABEL_LANDING_SITE,Landing site
LABEL_QUANTITY_CAUGHT,Quantity caught
LABEL_QUANTITY_CAUGHT_SUBTITLE,tons
LABEL_SELECT_INDICATOR,Select this indicator
LABEL_SHOW_HIERARCHY,Show hierarchy
LABEL_SHOW_NOTICE,Show notice
LANDING_SITE_COORDINATES_NOT_AVAILABLE,landing site coordinates not available
LANDING_SITE_LABEL,Landing site
LANDING_SITE_PLACEHOLDER_LABEL,Select a landing site
LANDING_SITES_LABEL,Landing site
LANDING1_RELEASE_RESULT_MISSIG_YEAR,Landings 1 released results missing for year
LANDINGS1_CHARTS_SUBTITLE,Access line charts by landing site
LANDINGS1_CHARTS_TITLE,Descriptor charts
LANDINGS1_MAP_LANDING_SITE_LABEL,Landing site
LANDINGS1_MAP_MODE_LABEL,Data status
LANDINGS1_MAP_VALUE_LABEL,Value
LANDINGS1_MAP_YEAR_LABEL,Year
LANDINGS1_MAP_YEAR_PLACEHOLDER_LABEL,Select a year
LANDINGS1_MAPS_SUBTITLE,Access maps of landings by landing site / year
LANDINGS1_MAPS_TITLE,Descriptor maps
LANDINGS1_SPECIES_MAPS_LANDING_SITE_LABEL,Landing site
LANDINGS1_SPECIES_MAPS_MODE_LABEL,Data status
LANDINGS1_SPECIES_MAPS_OTHERS_LABEL,OTHERS
LANDINGS1_SPECIES_MAPS_SUBTITLE,Access maps of landings with species distributions by landing site / year
LANDINGS1_SPECIES_MAPS_TITLE,Descriptor Species maps
LANDINGS1_SPECIES_MAPS_YEAR_LABEL,Year
LANDINGS1_SPECIES_MAPS_YEAR_PLACEHOLDER_LABEL,Select a year
LAST_RELEASE_LABEL,Last release
LAST_UPDATE,last update
LAST_YEAR_TOTAL_CATCH,Last year total catch
LENGTH_OVERALL,Length Overall (m)
LICENCES_DATA_EXPORT_FILENAME,vessel_license_permits_%s
LICENCES_PDF_TITLE,Vessel '%s' (%s) License Permits (as of %s)
LICENCES_TABLE_COLNAME_1,Permit Number
LICENCES_TABLE_COLNAME_2,Application Date
LICENCES_TABLE_COLNAME_3,Permit Date
LICENCES_TABLE_COLNAME_4,Valid From (Date)
LICENCES_TABLE_COLNAME_5,Valid To (Date)
LICENCES_TABLE_COLNAME_6,Gears
LICENCES_TABLE_COLNAME_7,Validity
LICENSE_STATUS_EXPIRED,expired
LICENSE_STATUS_EXPIRED_TOOLTIP,The license is expired
LICENSE_STATUS_NO_LICENSE,no license
LICENSE_STATUS_VALID,valid
LICENSE_STATUS_VALID_TOOLTIP,The license is valid
LOAD_R_COMPUTE_SCRIPT_LABEL,Load R 'compute' script
LOAD_R_COMPUTE_SCRIPT_PROGRESS_LABEL,Prepare R script...
LOGBOOK_VALIDATION_FILEINPUT_LABEL_TITLE,Import a logbook data file
LOGBOOK_VALIDATION_MESSAGE,"Error has occured during upload, Please check the logbook i.e (column names, trip_#'s) and upload again!"
LOGBOOKS_EXPORT_TITLE,Export Logbooks
LOGBOOKS_OVERVIEW_SUBTITLE,Based on logbooks monitoring
LOGBOOKS_OVERVIEW_TITLE,Overview of industrial fishing activities
LOGBOOKS_TRIPS_TITLE,Trips overview
LOGBOOKS_VALIDATION_TITLE,Validate Logbooks
MAP_POPUP_LANDINGSITE_LABEL,Landing site
MAP_POPUP_QUANTITY_LABEL,Quantity
MAP_TABPANEL_TITLE,Map
MEDIAN,Median
MESSAGE_NO_DATA,(no data available)
MODAL_NO_COLUMN,Missing columns
MODAL_NO_COLUMN_MESSAGE,The following required columns are missing:
MODAL_NO_EXCEL,Invalid file
MODAL_NO_EXCEL_MESSAGE,The uploaded file is not an Excel (.xlsx or .xls).
MODAL_NO_SHEET,Missing sheet
MODAL_NO_SHEET_MESSAGE,"The Excel file does not contain the sheet 'upload table'.
 Sheets found: "
MODAL_OPTION_CHECK,Add cell-level highlights & comments (slower)
MODAL_OPTION_GENERATE,Generate report
MODAL_OPTION_TEXT,This may significantly increase processing time for large files.
MODAL_OPTION_TITLE,Report options
MODE_SELECTOR_LABEL,Mode :
MONTHLY,Monthly
NO_ISSUES_DETECTED,No issues detected in this dataset
NO_TRIP_MSG,No trip to display for this vessel
NONE,None
NUMBER_BLOCKING_ISSUES,Number of blocking issue(s)
NUMBER_NON_BLOCKING_ISSUES,Number of non-blocking issue(s)
NUMBER_REFERENTIAL_INSPECT,Number of referential(s) to inspect
NUMBER_REFERENTIAL_UPDATE,Number of referential(s) to update
NUMBER_REFERENTIAL_UPTODATE,All referentials used in this dataset are up-to-date
OBSERVER_LIST_BIOLOGICAL_PRESENT,Biological sampling
OBSERVER_LIST_DAYS_AT_SEA,Days at sea
OBSERVER_LIST_DISEMBARKATION_PORT,Disembarkation port
OBSERVER_LIST_EMBARKATION_END,Disembarkation date
OBSERVER_LIST_EMBARKATION_PORT,Embarkation port
OBSERVER_LIST_EMBARKATION_START,Embarkation date
OBSERVER_LIST_LOGBOOK_LINKED,Logbook linked
OBSERVER_LIST_MISSING,Missing value
OBSERVER_LIST_NB_FISHING_OPERATIONS,Fishing operations
OBSERVER_LIST_NO,No
OBSERVER_LIST_OBSERVER_NAME,Observer name
OBSERVER_LIST_REPORT_ID,Report ID
OBSERVER_LIST_TITLE,Observer Program - Reports List
OBSERVER_LIST_TOTAL_CATCH,Total catch
OBSERVER_LIST_TOTAL_DISCARD,Total discard
OBSERVER_LIST_UNKNOWN,Unknown
OBSERVER_LIST_VESSEL_NAME,Vessel name
OBSERVER_LIST_YES,Yes
OBSERVER_OVERVIEW_AVERAGE_CATCH_OBSERVED,Average catch observed
OBSERVER_OVERVIEW_AVERAGE_CATCH_REPORTED,Average catch reported
OBSERVER_OVERVIEW_EVOLUTION_FROM_LAST_YEAR,vs previous year
OBSERVER_OVERVIEW_EVOLUTION_NO_CHANGE,No change
OBSERVER_OVERVIEW_LAST_REPORT,Last report
OBSERVER_OVERVIEW_NB_OBSERVERS,Number of observers
OBSERVER_OVERVIEW_NB_REPORTS,Number of reports
OBSERVER_OVERVIEW_NB_VESSELS,Number of vessels
OBSERVER_OVERVIEW_NO_DATA,No data
OBSERVER_OVERVIEW_OBSERVATION_PERIOD,Observation period
OBSERVER_OVERVIEW_OBSERVED_DAYS,Observed days
OBSERVER_OVERVIEW_PLOT_NODATE_DISCLAMER,No date associated to a report to produce a graphical view
OBSERVER_OVERVIEW_TITLE,Observer Program - Reports Overview
OBSERVER_OVERVIEW_TOTAL_CATCH_OBSERVED,Total catch observed
OBSERVER_OVERVIEW_TOTAL_CATCH_REPORTED,Total catch reported
OBSERVER_REPORT_AUTOPILOT,Autopilot
OBSERVER_REPORT_CONSTRUCTION_YEAR,Construction Year
OBSERVER_REPORT_DAY,Day
OBSERVER_REPORT_DESCRIPTION_DAYS,days
OBSERVER_REPORT_DESCRIPTION_DAYS_ON_BOARD,Days on Board
OBSERVER_REPORT_DESCRIPTION_DISEMBARKATION,Disembarkation
OBSERVER_REPORT_DESCRIPTION_DISEMBARKATION_DATE,Disembarkation Date
OBSERVER_REPORT_DESCRIPTION_DISEMBARKATION_PORT,Disembarkation Port
OBSERVER_REPORT_DESCRIPTION_EMBARKATION,Embarkation
OBSERVER_REPORT_DESCRIPTION_EMBARKATION_DATE,Embarkation Date
OBSERVER_REPORT_DESCRIPTION_EMBARKATION_LABEL,Embarkation Period
OBSERVER_REPORT_DESCRIPTION_EMBARKATION_PORT,Embarkation Port
OBSERVER_REPORT_DESCRIPTION_FROM,From
OBSERVER_REPORT_DESCRIPTION_OBSERVATION_LABEL,Observation Period
OBSERVER_REPORT_DESCRIPTION_OBSERVER,Observer
OBSERVER_REPORT_DESCRIPTION_OBSERVER_LABEL,Observer Period
OBSERVER_REPORT_DESCRIPTION_OBSERVER_NAME,Observer Name
OBSERVER_REPORT_DESCRIPTION_TAB_TITLE,Description
OBSERVER_REPORT_DESCRIPTION_TIMELINE,Timeline
OBSERVER_REPORT_DESCRIPTION_TITLE,Description
OBSERVER_REPORT_DESCRIPTION_TO,To
OBSERVER_REPORT_DESCRIPTION_TRIP_LABEL,Trip Period
OBSERVER_REPORT_DRA,DRA
OBSERVER_REPORT_ENGINE_POWER,Engine Power
OBSERVER_REPORT_ETP,ETP
OBSERVER_REPORT_FISH_CONSERVATION_METHODS,Fish Conservation Methods
OBSERVER_REPORT_FISH_PRESERVATION,Fish Preservation
OBSERVER_REPORT_FREEZING_CAPACITY,Freezing Capacity
OBSERVER_REPORT_GT,Gross Tonnage
OBSERVER_REPORT_HF_RADIO,HF Radio
OBSERVER_REPORT_LICENCE_NUMBER,Licence Number
OBSERVER_REPORT_LOA,LOA
OBSERVER_REPORT_LOGBOOK_LINKED,Logbook entry (%s) is linked to this trip
OBSERVER_REPORT_LOGBOOK_NOT_LINKED,No logbook entry is found associated to this trip
OBSERVER_REPORT_LOGBOOK_TAB_TITLE,Logbook
OBSERVER_REPORT_LOGBOOK_TITLE,Logbook linkage
OBSERVER_REPORT_NATIONALITY,Nationality
OBSERVER_REPORT_NET_PROBE,Net Probe
OBSERVER_REPORT_NET_TONNAGE,Net Tonnage
OBSERVER_REPORT_NIGHT,Night
OBSERVER_REPORT_NUMBER_OF_STORES,Number of Stores
OBSERVER_REPORT_OBS_ABSENT,Absent
OBSERVER_REPORT_OBS_PRESENT,Present
OBSERVER_REPORT_RADAR,Radar
OBSERVER_REPORT_REGISTRATION_NUMBER,Registration Number
OBSERVER_REPORT_REPORT_SELECTED,Report
OBSERVER_REPORT_ROUTE_TRACER,Route Tracer
OBSERVER_REPORT_SATELITE,Satellite
OBSERVER_REPORT_SELECT_REPORT_LABEL,Select a report
OBSERVER_REPORT_SONAR,Sonar
OBSERVER_REPORT_SOUNDER,Sounder
OBSERVER_REPORT_SPEED,Speed
OBSERVER_REPORT_STORAGE_CAPACITY,Storage Capacity
OBSERVER_REPORT_TITLE,Observer Program - Report Details
OBSERVER_REPORT_TRIP_ACTIVITY,Activity
OBSERVER_REPORT_TRIP_ACTIVITY_ID,Activity ID
OBSERVER_REPORT_TRIP_DAYTIME,Daytime
OBSERVER_REPORT_TRIP_DISCARD,Discard
OBSERVER_REPORT_TRIP_DISCARD_QUANTITY,Discard quantity
OBSERVER_REPORT_TRIP_ETP,ETP
OBSERVER_REPORT_TRIP_FROM,From
OBSERVER_REPORT_TRIP_FULL_TRIP,Full trip
OBSERVER_REPORT_TRIP_GEAR,Gear
OBSERVER_REPORT_TRIP_INDICATOR_DAYS,Days
OBSERVER_REPORT_TRIP_INDICATOR_ETP_SPECIES,ETP species
OBSERVER_REPORT_TRIP_INDICATOR_NUMBER_OF_OPERATIONS,Number of fishing operations
OBSERVER_REPORT_TRIP_INDICATOR_NUMBER_OF_SPECIES,Number of species
OBSERVER_REPORT_TRIP_INDICATOR_OBSERVATION_DURATION,Observation duration
OBSERVER_REPORT_TRIP_INDICATOR_SPECIES,species
OBSERVER_REPORT_TRIP_INDICATOR_TOTAL_DISCARD,Total discard
OBSERVER_REPORT_TRIP_INDICATOR_TOTAL_LANDED,Total landed
OBSERVER_REPORT_TRIP_INDICATOR_TRIP_DURATION,Trip duration
OBSERVER_REPORT_TRIP_INDICATOR_WITH_OBSERVER,with observer
OBSERVER_REPORT_TRIP_LANDED,Landed
OBSERVER_REPORT_TRIP_LANDED_QUANTITY,Landed quantity
OBSERVER_REPORT_TRIP_MAP_TITLE,Activities Locations
OBSERVER_REPORT_TRIP_NO,No
OBSERVER_REPORT_TRIP_OBSERVER_PRESENT,Observer
OBSERVER_REPORT_TRIP_OTHER_SPECIES,Other species
OBSERVER_REPORT_TRIP_PLOT_TITLE,Catch distribution
OBSERVER_REPORT_TRIP_SPECIES,Species
OBSERVER_REPORT_TRIP_TAB_TITLE,Trip and Activities
OBSERVER_REPORT_TRIP_TITLE,Trip and Activities
OBSERVER_REPORT_TRIP_TO,To
OBSERVER_REPORT_TRIP_TOTAL_QUANTITY,Total quantity
OBSERVER_REPORT_TRIP_WIRED_CABLE,Wired cable
OBSERVER_REPORT_TRIP_YES,Yes
OBSERVER_REPORT_UNIT_UNKNOWN,Unknown unit
OBSERVER_REPORT_UNKNOWN,Unknown
OBSERVER_REPORT_VESSEL,Vessel
OBSERVER_REPORT_VESSEL_CARACTERISTICS,Vessel Characteristics
OBSERVER_REPORT_VESSEL_EQUIPMENTS,Vessel Equipments
OBSERVER_REPORT_VESSEL_INFO_TITLE,Vessel Informations
OBSERVER_REPORT_VESSEL_NAME,Vessel Name
OBSERVER_REPORT_VESSEL_OWNER,Vessel Owner
OBSERVER_REPORT_VESSEL_TAB_TITLE,Vessel Informations
OBSERVER_REPORT_VHF_RADIO,VHF Radio
OBSERVER_REPORT_WIDTH,Width
OVERVIEW_VESSEL_HOMEPORT_DATA_EXPORT_FILENAME,Vessel Type Data Breakdown in
OVERVIEW_VESSEL_HOMEPORT_MAP_LABEL_HOMEPORT,Home port
OVERVIEW_VESSEL_HOMEPORT_MAP_LABEL_NUMBER_OF_VESSELS,Number of vessels
OVERVIEW_VESSEL_HOMEPORT_PDF_TITLE,Vessel Type Data Breakdown in
OVERVIEW_VESSEL_HOMEPORT_TABLE_COLNAME_1,VESSEL TYPE
OVERVIEW_VESSEL_HOMEPORT_TABLE_COLNAME_2,COUNT
OVERVIEW_VESSEL_PYRAMID_BOX_LABEL,Fleet Age Repartition
OVERVIEW_VESSEL_SUNBURST_BOX_LABEL,Vessel Profile
OVERVIEW_VESSEL_TABLE_BOX_LABEL,Number of vessels
OVERVIEW_VESSEL_TITLE_DATA,Data
OVERVIEW_VESSEL_TITLE_HOMEPORT,Breakdown of vessels in %s per home port
OVERVIEW_VESSEL_TITLE_MAP,Map
OVERVIEW_VESSEL_TITLE_PIECHART,Breakdown of vessels in %s per vessel type
OVERVIEW_VESSEL_TITLE_TABLE,Data on Breakdown of vessels in %s per vessel type
OVERVIEW_VESSEL_TITLE_VESSELTYPE_HOMEPORT,Breakdown of vessel type in %s per home port
OVERVIEW_VESSEL_VERTICALTABPANEL_GRAPHS,Profile
OVERVIEW_VESSEL_VERTICALTABPANEL_MAPS,Maps
OVERVIEW_VESSEL_VERTICALTABPANEL_TABLE,Statistics
OVERVIEW_VESSEL_VESSELTYPE_HOMEPORT_DATA_EXPORT_FILENAME,Vessel LandingSite Data Breakdown in
OVERVIEW_VESSEL_VESSELTYPE_HOMEPORT_PDF_TITLE,Vessel LandingSite Data Breakdown in
OVERVIEW_VESSEL_VESSELTYPE_HOMEPORT_TABLE_COLNAME_1,HOME PORT
OVERVIEW_VESSEL_VESSELTYPE_HOMEPORT_TABLE_COLNAME_2,COUNT
OVERVIEW_VESSELTYPE_LANDINGSITE_DATA_EXPORT_FILENAME,Home port/LandingSite Vessel Data Breakdown in
OVERVIEW_VESSELTYPE_LANDINGSITE_PDF_TITLE,Home port/LandingSite Vessel Data Breakdown in
OVERVIEW_VESSELTYPE_LANDINGSITE_TABLE_COLNAME_1,LANDING SITE/HOME PORT
OVERVIEW_VESSELTYPE_LANDINGSITE_TABLE_COLNAME_2,VESSELTYPE
OVERVIEW_VESSELTYPE_LANDINGSITE_TABLE_COLNAME_3,COUNT
OVERVIEW_VESSELTYPE_TITLE_LANDINGSITE,Breakdown of vessel type in %s per Landing sites
OWNERSHIP_DATA_EXPORT_FILENAME,vessel_owners_%s
OWNERSHIP_PDF_TITLE,Vessel '%s' (%s) ownership
OWNERSHIP_TABLE_COLNAME_0,Entity type
OWNERSHIP_TABLE_COLNAME_1,Full Name
OWNERSHIP_TABLE_COLNAME_2,Entity Document Number
OWNERSHIP_TABLE_COLNAME_3,Address
OWNERSHIP_TABLE_COLNAME_4,Address City
OWNERSHIP_TABLE_COLNAME_5,Address Zip Code
OWNERSHIP_TABLE_COLNAME_6,Phone Number
OWNERSHIP_TABLE_COLNAME_7,Mobile Number
PERCENT_CHOICE,Percentage bar chart
PERCENT_X_LABEL,Age
PERCENT_Y_LABEL,Percentage
PERIOD,Period
PICKER_LABEL_VESSELS,Vessels
PICKER_LABEL_VESSELS_BY_PAGE,Vessels by page
PICKER_LABEL_VESSELS_HINT,Only five vessels can be selected at a time
PLOT_XLAB,Time
PLOT_YLAB,Quantity
POWER,Power
PROJECTION_VARIATION,Project variation
PYRAMID_CHOICE,Pyramid chart
PYRAMID_X_LABEL,Number
PYRAMID_Y_LABEL,Age
QUANTITY_PLOT_YLAB,Quantity
QUARTILES,quartiles
RANK_LABEL,Display x most caught :
RANK_METHOD,Rank method :
RECOMPUTE_REASON,Explanation
REFERENTIAL_TABLE_COLNAME_1,Table
REFERENTIAL_TABLE_COLNAME_2,Value
REFERENTIAL_TABLE_COLNAME_3,Issue Level
REFERENTIAL_TABLE_COLNAME_4,Description
REFERENTIAL_TABLE_DATA_FILENAME,ref_to_add_
REFERENTIAL_UPDATE_LABEL,Referential(s) to update
REFRESH,Refresh
REGISTRATION_NUMBER,Registration Number
REGISTRATION_PORT,Registration Port
RELEASE_DEPENDENT_LABEL,Release also dependent indicators
RELEASE_NO_DATA_LABEL,No data released yet!
RETRIEVE_INDICATOR_FOR_LABEL,Retrieve indicator for
ROW_VARIABLES,Display as rows
RUN_SELECTION_LABEL,Run selection
SELECT_TRIP_MSG,Select criteria to display corresponding trips
SELECTED_VARIABLES,Selected variables
SPECIES_GROUP_STATISTIC_LABEL,Species groups
SPECIES_GROUP_YLAB,Quantity
SPECIES_LABEL,Species
SPECIES_STATISTIC_LABEL,Species
SPECIES_YLAB,Quantity
SPEED,Speed
STACKED_CHOICE,Stacked bar chart
STACKED_X_LABEL,Age
STACKED_Y_LABEL,Number
STANDARD_DEVIATION,Standard Deviation (SD)
STANDARD_ERROR,Standard Error (SE)
STATISTIC,Statistic
LINECHART_STATISTIC_DATA_EXPORT_FILENAME,%s_%s_statistics
STATISTIC_DATA_EXPORT_FILENAME,statistics_table
LINECHART_STATISTIC_PDF_TITLE,Statistics by %s - %s
STATISTIC_PDF_TITLE,Statistics table
STATISTIC_TABLE_COLNAME_1,Year
STATISTIC_TABLE_COLNAME_4,sum
STATISTIC_TABLE_COLNAME_5,mean
STATISTIC_TABLE_COLNAME_6,median
STATUS,Status
STATUS_APPROVED,Approved
STATUS_COMPUTED,Completed
STATUS_NOT_AVAILABLE,Not computable
STATUS_TO_COMPUTE,To compute
STEP_SELECTOR_LABEL,Group age by :
SUCCESS,Success
SUCCESS_COMPUTING_LABEL,Successful computation!
SUCCESS_REPORTING_LABEL,Successfully generated report!
SUMMARY,Reports
SUMMARY_CATCHES_COLNAME_1,Year
SUMMARY_CATCHES_COLNAME_2,Days At Sea
SUMMARY_CATCHES_COLNAME_3,Quantity
SUMMARY_CATCHES_DATA_EXPORT_FILENAME,vessel_catch_summary_%s
SUMMARY_CATCHES_PDF_TITLE,Vessel '%s' (%s) Catch summary (as of %s)
SUMMER_DEADWEIGHT,Summer Deadweight (t)
TABLE_COLNAME_NAME,Name
TABLE_COLNAME_QUANTITY,quantity
TABLE_COLNAME_YEAR,year
TABLE_LANGUAGE,//cdn.datatables.net/plug-ins/1.10.11/i18n/English.json
TABPANEL_BREAKDOWN_BY_SPECIES,Breakdown by Species
TABPANEL_BREAKDOWN_BY_SPECIES_GROUPS,Species groups
TABPANEL_BY_LANDING_SITE,By landing site
TABPANEL_BY_LANDING_SITE_SELECT_LABEL,Year
TABPANEL_BY_LANDING_SITE_SELECT_PLACEHOLDER_LABEL,Select a year
TABPANEL_BY_OWNER,By owner
TABPANEL_BY_OWNER_SELECT_LABEL,Vessel owner (company)
TABPANEL_BY_OWNER_SELECT_PLACEHOLDER_LABEL,Select a vessel owner
TABPANEL_BY_VESSEL,By vessel
TABPANEL_BY_VESSEL_SELECT_LABEL,Vessel
TABPANEL_BY_VESSEL_SELECT_PLACEHOLDER_LABEL,Select a vessel
TABPANEL_CHARACTERISTICS,Characteristics
TABPANEL_HISTORY,History
TABPANEL_INFO,Info
TABPANEL_PLOT,Plot
TABPANEL_REGISTRATION,Registration
TABPANEL_SPECIES,Species
TABPANEL_SPECIES_GROUPS,Species groups
TABPANEL_STATISTIC,Statistics
TABPANEL_SUMMARY,Summary
TEMPORAL_RESOLUTION,Temporal resolution
TITLE_TRIP_DETAILS_FOR_VESSEL,Trip detail for Vessel
TO_CANCEL_RECOMPUTE_LABEL,Cancel
TO_CANCEL_RELEASE_LABEL,Cancel
TO_CREATE_RECOMPUTE_LABEL,OK
TO_CREATE_RELEASE_LABEL,OK
TOTAL,Total
TOTAL_CATCH_OVER_THE_PERIOD,Total catch over the period
TOTAL_LABEL,Grand Total
TOTAL_QUANTITIES_GRAPH_TITLE,Total quantities by year
TOTAL_QUANTITY_UNITS_TONS,tons
TRAWLING_SPEED,Trawling Speed
TRIP_FROM,Trip from
TRIP_TABLE_COLNAME_1,Species
TRIP_TABLE_COLNAME_2,Quantity
TRIP_TABLE_COLNAME_3,Percent
UNRELEASE_DEPENDENT_LABEL,Unrelease also dependent indicators
VALIDATION_PROGRESS_MESSAGE,Dataset validation in progress ... 
VALIDATION_PROGRESS_MESSAGE_LABEL_ON,on
VALIDATION_PROGRESS_MESSAGE_LABEL_TRIPID,Trip ID
VALIDATION_PROGRESS_MESSAGE_LABEL_TRIPS,trips
VERTICALTABPANEL_BREAKDOWN_BY_FISHING_ZONE,Breakdown by fishing zones
VERTICALTABPANEL_BREAKDOWN_BY_GEAR_TYPES,Breakdown by gear types
VERTICALTABPANEL_BREAKDOWN_BY_LANDING_SITES,Breakdown by landing sites
VERTICALTABPANEL_BREAKDOWN_BY_SPECIES,Breakdown by species
VERTICALTABPANEL_BREAKDOWN_BY_VESSEL_TYPES,Breakdown by vessel types
VERTICALTABPANEL_CATCHES,Catches
VERTICALTABPANEL_FISHING_TRIPS,Fishing Trips
VERTICALTABPANEL_GLOBAL_QUANTITY,Total quantity
VERTICALTABPANEL_GLOBAL_VESSEL,Total participating vessels
VERTICALTABPANEL_HISTORY,History
VERTICALTABPANEL_INDIVIDUAL_QA_DOB,Individual Date Of Birth
VERTICALTABPANEL_INDIVIDUAL_ROLES,Roles
VERTICALTABPANEL_LICENCES,Licenses
VERTICALTABPANEL_OWNERSHIP,Ownership
VERTICALTABPANEL_VESSEL_QA_ACTIVITY,Vessel Activity
VERTICALTABPANEL_VESSEL_QA_CHARACTERISTICS,Vessel Characteristics
VERTICALTABPANEL_VESSEL_QA_LICENSE,Vessel License
VERTICALTABPANEL_VESSEL_QA_NAMES,Vessel Names
VERTICALTABPANEL_VESSEL_QA_PORTS,Vessel Ports
VERTICALTABPANEL_VESSEL_QA_VOP_STATUS,Vessel Operational Status
VESSEL TYPE,Vessel type
VESSEL_FINDER,VesselFinder
VESSEL_FINDER_DATA_COLNAME,VesselFinder*
VESSEL_INFO_TITLE,Vessel information
VESSEL_LIST_SUBTITLE,Access information on vessels
VESSEL_LIST_TABLE_COLNAME_DETAILS,
VESSEL_LIST_TABLE_COLNAME_HOMEPORT,HOME PORT/LANDING SITE
VESSEL_LIST_TABLE_COLNAME_LICENSESTATUS,LICENSE STATUS
VESSEL_LIST_TABLE_COLNAME_NAME,NAME
VESSEL_LIST_TABLE_COLNAME_OPSTATUS,VESSEL OPERATIONAL STATUS
VESSEL_LIST_TABLE_COLNAME_REGNUMBER,REGISTRATION NUMBER
VESSEL_LIST_TABLE_COLNAME_REGPORT,REGISTRATION PORT/LANDING SITE
VESSEL_LIST_TABLE_COLNAME_VESSELSTATTYPE,VESSEL STAT TYPE
VESSEL_LIST_TABLE_COLNAME_VESSELSTATUS,VESSEL STATUS
VESSEL_LIST_TABLE_COLNAME_VESSELTYPE,VESSEL TYPE
VESSEL_LIST_TABLE_RECORD_ACCESS,Details
VESSEL_LIST_TITLE,List of vessels
VESSEL_LIST_VESSEL_STATUS_ACTIVE,Active
VESSEL_LIST_VESSEL_STATUS_INACTIVE,Inactive
VESSEL_LIST_VESSEL_STATUS_UNDEFINED,Undefined
VESSEL_NAME,Vessel name
VESSEL_OVERVIEW_SUBTITLE,Visualize the overview of vessels
VESSEL_OVERVIEW_TITLE,Overview of vessels
VESSEL_PROPERTY_ENERGYTYPE,Energy type
VESSEL_PROPERTY_ENGINETYPE,Engine type
VESSEL_PROPERTY_HOMEPORT,Home port
VESSEL_PROPERTY_MANUFACTURER,Manufacturer
VESSEL_PROPERTY_OPERATIONAL_STATUS,Operational status
VESSEL_PROPERTY_REGPORT,Registration port
VESSEL_PROPERTY_STATUS,Status
VESSEL_PROPERTY_VESSELTYPE,Vessel type
VESSEL_QA_LICENSE_STATUS_EXPIRED,Expired
VESSEL_QA_LICENSE_STATUS_NOTCOMPLETED,Not completed
VESSEL_QA_LICENSE_STATUS_VALID,Valid
VESSEL_QA_STATUS_CHAR_TOCHECK,To complete
VESSEL_QA_STATUS_CHAR_VALID,Completed
VESSEL_QA_STATUS_INACTIVITY,In activity
VESSEL_QA_STATUS_NOACTIVITY,No activity
VESSEL_QA_STATUS_TOCHECK,To check
VESSEL_QA_STATUS_VALID,Valid
VESSEL_QA_SUBTITLE,Access quality assessment indicators on the vessel registry
VESSEL_QA_TABLE_CHAR_COLNAME_1,ACTION
VESSEL_QA_TABLE_CHAR_COLNAME_2,LOA
VESSEL_QA_TABLE_CHAR_COLNAME_3,DRA
VESSEL_QA_TABLE_CHAR_COLNAME_4,GT
VESSEL_QA_TABLE_CHAR_COLNAME_5,SPEED
VESSEL_QA_TABLE_CHAR_COLNAME_6,POWER
VESSEL_QA_TABLE_COLNAME_1,ACTION
VESSEL_QA_TABLE_COLNAME_2,COUNT
VESSEL_QA_TABLE_FISHINGTRIPS_COLNAME_1,Activity Status
VESSEL_QA_TABLE_FISHINGTRIPS_COLNAME_2,Historical Period
VESSEL_QA_TABLE_FISHINGTRIPS_COLNAME_3,Current Year
VESSEL_QA_TABLE_LICENSE_COLNAME_1,LICENSE STATUS
VESSEL_QA_TABLE_LICENSE_COLNAME_2,COUNT
VESSEL_QA_TABLE_PORT_COLNAME_1,ACTION
VESSEL_QA_TABLE_PORT_COLNAME_2,HOME PORT
VESSEL_QA_TABLE_PORT_COLNAME_3,REGISTRATION PORT
VESSEL_QA_TABLE_VOP_STATUS_COLNAME_1,OPERATIONAL STATUS
VESSEL_QA_TABLE_VOP_STATUS_COLNAME_2,COUNT
VESSEL_QA_TITLE,Vessel quality assessment
VESSEL_QA_TITLE_ACTIVITY,Quality assessment on vessel with or without fishing trip activities
VESSEL_QA_TITLE_CHARACTERISTICS,Quality assessment on vessel characteristics
VESSEL_QA_TITLE_LICENSE,Quality assessment on vessel with no or expired license current year
VESSEL_QA_TITLE_NAMES,Quality assessment on vessel names
VESSEL_QA_TITLE_PORTS,Quality assessment on vessel home port and registration port
VESSEL_QA_TITLE_VOP_STATUS,Quality assessment on vessel operational status
VESSEL_STAT_TYPE,Vessel stat type
VESSEL_STATUS_ACTIVE,Vessel active
VESSEL_STATUS_INACTIVE,Vessel non active
VESSEL_TYPE,Vessel type
VESSEL_TYPE_LABEL,Vessel type
VESSEL_UNKNOWN_VALUE,Unknown
VESSELS,Vessels
VESSELS_LABEL,Vessels 
WARNING,Warning
WARNING_MESSAGE,"Catches reported here are the results of a sample-based survey (Artisanal Fisheries), and do not reflect the total catches of the selected vessel"
WARNING_REPORTING_LABEL_EMPTY_REPORT,Generated report is empty!
WEEKLY,Weekly
YEARLY,Yearly
