key,fr
1_YEAR_LABEL,1a
2_YEAR_LABEL,2a
3_YEAR_LABEL,3a
ACTION_DOWNLOAD_RESULT,Télécharger le résultat
ACTION_GENERATE_AND_DOWNLOAD_REPORT,Générer et télécharger le rapport
ACTION_GENERATE_AND_DOWNLOAD_REPORT_SELECTOR,Sélectionner un rapport
ACTION_RELEASE,Valider l'indicateur
ACTION_RELEASE_DISABLED_NORELEASABLE,L'indicateur ne peut pas être validé du fait de données manquantes
ACTION_RELEASE_DISABLED_YETRELEASED,L'indicateur a déjà été validé
ACTION_STAGING,Calculer l'indicateur
ACTION_UNRELEASE,Invalider l'indicateur
ACTION_UPDATE,Mettre à jour l'indicateur
ACTION_VIEW,Montrer/Cacher le résultat
ACTIONBUTTON_LABEL_TEST_VALIDITY,Tester la validité du fichier
AGE_SELECTOR_LABEL,Classe d'âge :
ALL_YEAR_LABEL,toutes
ANNUAL_CATCH_AVERAGE,Moyenne annuelle de capture
ARTFISH_EXPLORER_LOADER_INIT_MESSAGE,Lancement du calcul...
ARTFISH_EXPLORER_LOADER_LOADING_MESSAGE,"Merci de patienter, les estimations sont en cours"
ARTFISH_EXPLORER_LOADER_TITLE,Calcul des estimations Artfish
AVAILABLE_VARIABLES,Variables non sélectionnées
AVERAGE,Moyenne
BACK_TO_LIST_OF_INDIVIDUALS,Retour à la liste des individus
BACK_TO_LIST_OF_REPORTS,Retour à la liste des rapports
BACK_TO_LIST_OF_VESSELS,<< Retour à la liste des navires
BEAM,Faisceau (m)
BREAKDOWN_OF_TOTAL_QUANTITIES_LANDINGSITE_SPICIES_YEAR_DATA_EXPORT_FILENAME,quantités_espèces_par_site
BREAKDOWN_OF_TOTAL_QUANTITIES_LANDINGSITE_SPICIES_YEAR_PDF_TITLE,Quantités d'espèces par site de débarquement
BREAKDOWN_OF_TOTAL_QUANTITIES_LANDINGSITE_SPICIES_YEAR_TITLE,Détail des quantités totales par site de débarquement / espèce / année
BREAKDOWN_OF_TOTAL_QUANTITIES_LANDINGSITE_YEAR_DATA_EXPORT_FILENAME,quantités_totales_par_site
BREAKDOWN_OF_TOTAL_QUANTITIES_LANDINGSITE_YEAR_PDF_TITLE,Quantités totales par site de débarquement
BREAKDOWN_OF_TOTAL_QUANTITIES_LANDINGSITE_YEAR_TITLE,Détail des quantités totales par site de débarquement / année
BUCKET_HEADER,Déplacer les items sur les emplacement pour afficher les statistiques souhaitées
BUTTON_DOWNLOAD_REPORT_TITLE,Télécharger rapport
BUTTON_DOWNLOAD_RESULT_TITLE,Télécharger résultat
BUTTON_RELEASE_TITLE,Release
BY_OWNER_DATA_EXPORT_FILENAME,quantités_par_propriétaire_de_navire
BY_OWNER_PDF_TITLE,Quantités par propriétaire de navire
BY_VESSEL_DATA_EXPORT_FILENAME,Quantités par navire
BY_VESSEL_PDF_TITLE,Quantités par navire
CALIPSEO_DATA_COLNAME,Calipseo
CATCH_UNIT,tonnes
CATCHES_DATA_SOURCE_ART,Issu d'enquêtes par échantillonage
CATCHES_DATA_SOURCE_INDUS,Issu des journaux de bord
COL_VARIABLES,Afficher en colonnes
COMPUTATION_ACTIONBUTTON_LABEL,Calculer
COMPUTATION_INDICATOR_LABEL,Indicateur statistique
COMPUTATION_INDICATOR_PLACEHOLDER_LABEL,Sélectionner un indicateur
COMPUTATION_MONTH_LABEL,Mois
COMPUTATION_MONTH_PLACEHOLDER_LABEL,Sélectionner un mois
COMPUTATION_NODATA,Aucune période de données disponible pour lancer l'indicateur!
COMPUTATION_PROGRESS_SUB_LABEL,Initialisation et lecture de données...
COMPUTATION_QUARTER_LABEL,Trimestre
COMPUTATION_QUARTER_PLACEHOLDER_LABEL,Sélectionner un trimestre
COMPUTATION_RESULTS_LABEL,Résultats de calcul
COMPUTATION_RESULTS_TABLE_COLNAME_ACTIONS,Actions
COMPUTATION_RESULTS_TABLE_COLNAME_DATE,Date
COMPUTATION_RESULTS_TABLE_COLNAME_FILE,Fichier
COMPUTATION_RESULTS_TABLE_COLNAME_PERIOD,Période
COMPUTATION_RESULTS_TABLE_COLNAME_STATUS,Statut
COMPUTATION_RUN_LABEL,Lancer les statistiques
COMPUTATION_SUBTITLE,Caluler les statistiques et télécharger les rapports statistiques
COMPUTATION_TARGET_LABEL,Calculer indicateur sur la base de
COMPUTATION_TARGET_RELEASE_AND_STAGING_ITEM,Indicateurs releases et brouillons
COMPUTATION_TARGET_RELEASE_ITEM,Indicateurs releases uniquement
COMPUTATION_TITLE,Statistiques
COMPUTATION_YEAR_LABEL,Année
COMPUTATION_YEAR_PLACEHOLDER_LABEL,Sélectionner une année
COMPUTATION_YEAR_PLACEHOLDER_LABEL_EMPTY,Pas d'année disponible
CONFIDENCE_INTERVAL_NORMAL_DISTRIBUTION,Intervalle de confiance (CI) - distribution normale
CONFIDENCE_INTERVAL_QUANTILE_METHOD,Intervalle de confiance (CI) - méthode par quantile
CONFIDENCE_INTERVAL_T_DISTRIBUTION,Intervalle de confiance (CI) - distribution t
CONFIRMATION_TO_CREATE_RELEASE," Etes-vous sûr de vouloir créer un release? Si oui cliquez OK pour confirmer, sinon Annuler."
CONFIRMATION_TO_RECOMPUTE,"Etes vous sûr de vouloir re-éxecuter l'indicateur? Si oui, merci d'expliquer et cliquez OK pour confirmer, sinon Annuler."
CONFIRMATION_TO_UNRELEASE,"Etes vous sûr de vouloir supprimer le release? Si oui, cliquez OK pour confirmer, sinon Annuler."
CREATE_RELEASE_LABEL,Créer un release
DATA_TABPANEL_TITLE,Données
DATASET_RELEASED_LABEL,"Jeu de données déjà en release. Cliquer OK pour écraser le release, ou annuler."
DATE_SEPARATOR_TO,au
DAYS,jours
DISPLAY_TRIP_MSG,Cliquer sur une sortie de pêche pour voir plus d'informations
DRAFT_LABEL,Brouillon
DRAUGHT,Tirant d'eau (m)
EMPTY_PLOT_LABEL,(Sélectionner un indicateur pour accéder à son statut d'achèvement)
EMPTY_TABLE_MESSAGE,(Sélectionner les variables pour afficher la table statistique
ERROR,Erreur
ERROR_COMPUTING_LABEL,Erreur pendant l'exécution de l'indicateur
ERROR_REPORTING_LABEL,Erreur pendant la préparation du rapport
EXECUTE_INDICATOR_LABEL,Exécuter l'indicateur
EXECUTE_R_SCRIPT_LABEL,Execute le script R...
EXPORT_RESULTS_STAGING_LABEL,Exporter le résultat vers la zone temporaire
FILL_SELECTOR_LABEL,Remplir par
FILTER_NO_VALUE,Pas d'item sélectionné
FILTER_SELECTOR_LABEL,Filtrer '%s' items :
FISHING_GEAR_LABEL,Engin de pêche
FISHING_ZONE_COORDINATES_NOT_AVAILABLE,coordonnées des zones de pêche indisponibles
FISHING_ZONE_LABEL,Zone de pêche
GEAR_TYPE_LABEL,Type d'engin de pêche
GENERATE_DOWNLOAD_REPORT_LABEL,Générer et télécharger un rapport
GLOBAL_QUANTITY_LABEL,Quantité globale
GLOBAL_VESSEL_LABEL,Nombre de navires
GLOBAL_VESSEL_PLOT_UNIT,Navires
GLOBAL_VESSEL_PLOT_XLAB,Temps
GLOBAL_VESSEL_PLOT_YLAB,Nombre de navires
GRANU_LABEL_MONTH,Mois
GRANU_LABEL_WEEK,Semaine
GRANU_LABEL_YEAR,Année
GRAPH_TABPANEL_TITLE,Graphique
GROSS TONNAGE,Tonnage brut
HISTORY_CATCHES_COLNAME_1,Année
HISTORY_CATCHES_COLNAME_10,Quantité
HISTORY_CATCHES_COLNAME_11,Valeur
HISTORY_CATCHES_COLNAME_2,Date/heure de sortie
HISTORY_CATCHES_COLNAME_3,Date/heure de retour
HISTORY_CATCHES_COLNAME_4,Jours en mer
HISTORY_CATCHES_COLNAME_5,Equipage
HISTORY_CATCHES_COLNAME_6,Grande zone de pêche
HISTORY_CATCHES_COLNAME_7,Nom de plage
HISTORY_CATCHES_COLNAME_8,Méthode de pêche
HISTORY_CATCHES_COLNAME_9,Description d'espèce
HISTORY_CATCHES_DATA_EXPORT_FILENAME,navire_historique_captures_%s
HISTORY_CATCHES_PDF_TITLE,Navire '%s' (%s) - Historique de capture (à la date du %s)
HISTORY_DATA_EXPORT_FILENAME,navire_caractéristiques_historiques_%s
HISTORY_PDF_TITLE,Navire '%s' (%s) - Caractéristiques historiques
HISTORY_TABLE_COLNAME_1,Type
HISTORY_TABLE_COLNAME_2,Description
HISTORY_TABLE_COLNAME_3,Ancienne valeur
HISTORY_TABLE_COLNAME_4,Nouvelle valeur
HISTORY_TABLE_COLNAME_5,Date de changement
HOME_CALIPSEO_SUBTITLE,Calculer et accéder aux statistiques de la plateforme Calipseo
HOME_CALIPSEO_TITLE,Calipseo Shiny
HOME_PORT,Port d'attache: 
IMAGE_SOURCE,Source de l'image
INDIVIDUAL_DOB,Date de naissance
INDIVIDUAL_EDUCATIONAL_LEVEL,Niveau d'éducation
INDIVIDUAL_ENT_DOC_NUMBER,Numéro d'identité
INDIVIDUAL_ENT_DOC_TYPE,Type de document d'identité
INDIVIDUAL_FISHER_STATUS_ACTIVE,Pêcheur actif
INDIVIDUAL_FISHER_STATUS_INACTIVE,Pêcheur non actif
INDIVIDUAL_GENDER,Genre
INDIVIDUAL_INFO_TITLE,Information sur l'individu
INDIVIDUAL_LIST_LABEL_CAPTAIN,Capitaine
INDIVIDUAL_LIST_LABEL_HOLDER_FISHING_ID,Titulaire d'un ID de pêche
INDIVIDUAL_LIST_LABEL_HOLDER_FISHING_LICENSE,Titulaire d'une license de pêche
INDIVIDUAL_LIST_LABEL_OWNER,Propriétaire
INDIVIDUAL_LIST_SUBTITLE,Accéder aux informations sur les individus
INDIVIDUAL_LIST_TABLE_COLNAME_DETAILS,
INDIVIDUAL_LIST_TABLE_COLNAME_FIRST_NAME,Prénom
INDIVIDUAL_LIST_TABLE_COLNAME_FISHERID,ID de pêcheur
INDIVIDUAL_LIST_TABLE_COLNAME_GENDER,Genre
INDIVIDUAL_LIST_TABLE_COLNAME_GENDER_UNDEFINED,Indéfini
INDIVIDUAL_LIST_TABLE_COLNAME_LAST_NAME,Nom
INDIVIDUAL_LIST_TABLE_COLNAME_MIDDLE_NAME,Prénom secondaire
INDIVIDUAL_LIST_TABLE_COLNAME_SALUTATIONS,Salutations
INDIVIDUAL_LIST_TABLE_COLNAME_SITE,Site
INDIVIDUAL_LIST_TABLE_COLNAME_STATUS,Statut
INDIVIDUAL_LIST_TABLE_COLNAME_STATUS_ACTIVE,Actif
INDIVIDUAL_LIST_TABLE_COLNAME_STATUS_INACTIVE,Inactif
INDIVIDUAL_LIST_TABLE_COLNAME_STATUS_NOTCONCERNED,Non concerné
INDIVIDUAL_LIST_TABLE_COLNAME_SUFFIX_NAME,Suffixe de nom
INDIVIDUAL_LIST_TABLE_COLNAME_TYPE,Type
INDIVIDUAL_LIST_TABLE_COLNAME_TYPE_FISHER,Pêcheur
INDIVIDUAL_LIST_TABLE_COLNAME_TYPE_NONFISHER,Non pêcheur
INDIVIDUAL_LIST_TITLE,List d'individus
INDIVIDUAL_NAME,Nom
INDIVIDUAL_OVERVIEW_INDICATORS_BOX_LABEL,Indicateurs
INDIVIDUAL_OVERVIEW_MAP_BOX_LABEL,Carte
INDIVIDUAL_OVERVIEW_PYRAMID_BOX_LABEL,Distribution par âge
INDIVIDUAL_OVERVIEW_SUBTITLE,Visualiser un aperçu des individus
INDIVIDUAL_OVERVIEW_SUNBURST_BOX_LABEL,Distribution par catégorie
INDIVIDUAL_OVERVIEW_TABLE_BOX_LABEL,Nombre d'individus
INDIVIDUAL_OVERVIEW_TITLE,Aperçu es individus
INDIVIDUAL_OVERVIEW_VERTICALTABPANEL_GRAPHS,Profil
INDIVIDUAL_OVERVIEW_VERTICALTABPANEL_TABLE,Statistiques
INDIVIDUAL_PROPERTY_EDUCATION,Education
INDIVIDUAL_PROPERTY_GENDER,Genre
INDIVIDUAL_PROPERTY_LICENSE,Licence
INDIVIDUAL_PROPERTY_ROLE,Rôle
INDIVIDUAL_PROPERTY_SITE,Site
INDIVIDUAL_PROPERTY_STATUS,Statut
INDIVIDUAL_PROPERTY_TYPE,Type
INDIVIDUAL_PROPERTY_WORKTIME,Temps de travail
INDIVIDUAL_QA_STATUS_TOCHECK,Manquant
INDIVIDUAL_QA_STATUS_VALID,Disponible
INDIVIDUAL_QA_SUBTITLE,Accéder à l'information sur les individus
INDIVIDUAL_QA_TABLE_COLNAME_1,Statut
INDIVIDUAL_QA_TABLE_COLNAME_2,Comptage
INDIVIDUAL_QA_TITLE,Evalutation de la qualité l'information des individus
INDIVIDUAL_QA_TITLE_DOB,Evalutation de la qualité - date de naissance
INDIVIDUAL_ROLE_TABLE_COLNAME_1,Rôle
INDIVIDUAL_ROLE_TABLE_COLNAME_2,Statut
INDIVIDUAL_ROLES_TITLE,Rôles de l'individu liés à la pêche
INDIVIDUAL_TYPE_FISHER,Pêcheur
INDIVIDUAL_TYPE_NONFISHER,Non pêcheur
INDIVIDUAL_UNKNOWN_VALUE,Inconnu(e)
INDIVIDUALS,Individus
INFOBOX_LICENSE_STATUS,Statut de licence
INFOBOX_MEAN_DAYS_AT_SEA_FISHING_TRIPS,Moyenne de jours en mer/sortie de pêche
INFOBOX_MEAN_FISHING_TRIPS_YEAR,Moyenne de sorties de pêche/an
INFOBOX_NUMBER_OF_FISHING_GEARS,Engins de pêche
INFOBOX_NUMBER_OF_LANDING_SITES,Sites de débarquement
INFOBOX_NUMBER_OF_LICENSES,Licenses
INFOBOX_NUMBER_OF_OWNERS,Propriétaires
INFOBOX_NUMBER_OF_SPECIES_CAUGHT,Espèces pêchées
INFOBOX_OVERVIEW_LOGBOOK_REPORTING_PERCENTAGE,Pourcentage de rapportage de journaux de bords
INFOBOX_OVERVIEW_TOTAL_PARTICIPATING_VESSELS,Total de navires
INFOBOX_OVERVIEW_TOTAL_QUANTITY,Quantité totale
INFOBOX_TITLE_FISHER,Pêcheur
INFOBOX_TITLE_FISHER_ACTIVE,Pêcheur actif
INFOBOX_TITLE_FISHING_TRIPS,Sorties de pêche
INFOBOX_TITLE_LANDING_SITES,Sites de débarquement
INFOBOX_TITLE_LICENSE,Licence
INFOBOX_TITLE_LICENSE_ACTIVE,Licence active
INFOBOX_TITLE_NON_FISHER,Non pêcheur
INFOBOX_TITLE_NUMBER_OF_TRIPS,Nombre de sorties de pêche
INFOBOX_TITLE_NUMBER_OF_VESSELS,Nombre de navires
INFOBOX_TITLE_TOTAL,Total d'individus
INFOBOX_TITLE_VESSEL_ACTIVE,Navire actifs
INFOBOX_TITLE_VESSEL_CAPTAINS,Capitaines de navire
INFOBOX_TITLE_VESSEL_OWNERS,Propriétaires de navires
INFOBOX_TITLE_VESSEL_TOTAL,Total de navires
INFOBOX_TITLE_VESSELS,Navires
INFOBOX_TITLE_YEARS_ANALYZED,Années analysées
INFOBOX_VESSEL_OPERATIONAL_STATUS,Statut opérationnel
LABEL_BOX_INDICATOR,Sélectionner un indicateur
LABEL_BOX_PLOT,Statut de l'indicateur
LABEL_CONTENT,Diversité
LABEL_CONTENT_SUBTITLE,Espèces
LABEL_FISHING_GEAR,Engin de pêche
LABEL_FISHING_ZONE,Zone de pêche
LABEL_GLOBAL_CPUE,CPUE globale
LABEL_GLOBAL_CPUE_SUBTITLE_KG,kg/jour
LABEL_GLOBAL_CPUE_SUBTITLE_LB,livre/jour
LABEL_GLOBAL_CPUE_SUBTITLE_OTHER,/jour
LABEL_LANDING_SITE,Site de débarquement
LABEL_QUANTITY_CAUGHT,Quantité pêchée
LABEL_QUANTITY_CAUGHT_SUBTITLE,tonnes
LABEL_SELECT_INDICATOR,Sélectionner cet indicateur
LABEL_SHOW_HIERARCHY,Montrer la hiérarchie
LABEL_SHOW_NOTICE,Montrer la notice
LANDING_SITE_COORDINATES_NOT_AVAILABLE,coordonnées de sites de débarquement indisponibles
LANDING_SITES_LABEL,Site de débarquement
LANDING1_RELEASE_RESULT_MISSIG_YEAR,Les résultats release des Débarquements 1 manquent pour l'année
LAST_RELEASE_LABEL,Dernier release
LAST_UPDATE,Dernière mise à jour
LAST_YEAR_TOTAL_CATCH,Capture totale de la dernière année
LENGTH_OVERALL,Longueur (m)
LICENCES_DATA_EXPORT_FILENAME,navires_permis_licenses_%s
LICENCES_PDF_TITLE,Navire '%s' (%s) - Permis de licenses (à la date du %s)
LICENCES_TABLE_COLNAME_1,Numéro de permis
LICENCES_TABLE_COLNAME_2,Date de candidature
LICENCES_TABLE_COLNAME_3,Date de permis
LICENCES_TABLE_COLNAME_4,Valide à partir de (Date)
LICENCES_TABLE_COLNAME_5,Valide jusqu'à (Date)
LICENCES_TABLE_COLNAME_6,Engins
LICENCES_TABLE_COLNAME_7,Validité
LICENSE_STATUS_EXPIRED,expirée
LICENSE_STATUS_EXPIRED_TOOLTIP,La licence est expirée
LICENSE_STATUS_NO_LICENSE,pas de licence
LICENSE_STATUS_VALID,Valide
LICENSE_STATUS_VALID_TOOLTIP,La licence est valide
LOAD_R_COMPUTE_SCRIPT_LABEL,Chargement du script R de traitement
LOAD_R_COMPUTE_SCRIPT_PROGRESS_LABEL,Préparation du script R...
LOGBOOKS_OVERVIEW_SUBTITLE,Basé sur le suivi des journaux de bord
LOGBOOKS_OVERVIEW_TITLE,Aperçu des activités de pêche industrielle
LOGBOOKS_TRIPS_TITLE,Aperçus des sorties de pêche
MAP_POPUP_LANDINGSITE_LABEL,Site de débarquement
MAP_POPUP_QUANTITY_LABEL,Quantité
MAP_TABPANEL_TITLE,Carte
MEDIAN,Médiane
MESSAGE_NO_DATA,(Pas de données disponibles)
MODE_SELECTOR_LABEL,Mode :
MONTHLY,Mensuelle
NO_TRIP_MSG,Pas de sortie de pêche à afficher pour ce navire
NONE,Aucune
OBSERVER_LIST_BIOLOGICAL_PRESENT,Échantillonnage biologique
OBSERVER_LIST_DAYS_AT_SEA,Jours en mer
OBSERVER_LIST_DISEMBARKATION_PORT,Port de débarquement
OBSERVER_LIST_EMBARKATION_END,Date de débarquement
OBSERVER_LIST_EMBARKATION_PORT,Port d’embarquement
OBSERVER_LIST_EMBARKATION_START,Date d’embarquement
OBSERVER_LIST_LOGBOOK_LINKED,Journal de bord lié
OBSERVER_LIST_MISSING,Valeur manquante
OBSERVER_LIST_NB_FISHING_OPERATIONS,Opérations de pêche
OBSERVER_LIST_NO,Non
OBSERVER_LIST_OBSERVER_NAME,Nom de l’observateur
OBSERVER_LIST_REPORT_ID,ID du rapport
OBSERVER_LIST_TITLE,Programme d’observateurs - Liste des rapports
OBSERVER_LIST_TOTAL_CATCH,Captures totales
OBSERVER_LIST_TOTAL_DISCARD,Rejets totaux
OBSERVER_LIST_UNKNOWN,Inconnu
OBSERVER_LIST_VESSEL_NAME,Nom du navire
OBSERVER_LIST_YES,Oui
OBSERVER_OVERVIEW_AVERAGE_CATCH_OBSERVED,Captures moyennes observées
OBSERVER_OVERVIEW_AVERAGE_CATCH_REPORTED,Captures moyennes déclarées
OBSERVER_OVERVIEW_EVOLUTION_FROM_LAST_YEAR,vs année précédente
OBSERVER_OVERVIEW_EVOLUTION_NO_CHANGE,Aucun changement
OBSERVER_OVERVIEW_LAST_REPORT,Dernier rapport
OBSERVER_OVERVIEW_NB_OBSERVERS,Nombre d’observateurs
OBSERVER_OVERVIEW_NB_REPORTS,Nombre de rapports
OBSERVER_OVERVIEW_NB_VESSELS,Nombre de navires
OBSERVER_OVERVIEW_NO_DATA,Aucune donnée
OBSERVER_OVERVIEW_OBSERVATION_PERIOD,Période d’observation
OBSERVER_OVERVIEW_OBSERVED_DAYS,Jours observés
OBSERVER_OVERVIEW_PLOT_NODATE_DISCLAMER,Aucune date associée à un rapport pour produire une visualisation graphique
OBSERVER_OVERVIEW_TITLE,Programme d’observateurs - Vue d’ensemble des rapports
OBSERVER_OVERVIEW_TOTAL_CATCH_OBSERVED,Captures totales observées
OBSERVER_OVERVIEW_TOTAL_CATCH_REPORTED,Captures totales déclarées
OBSERVER_REPORT_AUTOPILOT,Pilote automatique
OBSERVER_REPORT_CONSTRUCTION_YEAR,Année de construction
OBSERVER_REPORT_DAY,Jour
OBSERVER_REPORT_DESCRIPTION_DAYS,jours
OBSERVER_REPORT_DESCRIPTION_DAYS_ON_BOARD,Jours à bord
OBSERVER_REPORT_DESCRIPTION_DISEMBARKATION,Débarquement
OBSERVER_REPORT_DESCRIPTION_DISEMBARKATION_DATE,Date de débarquement
OBSERVER_REPORT_DESCRIPTION_DISEMBARKATION_PORT,Port de débarquement
OBSERVER_REPORT_DESCRIPTION_EMBARKATION,Embarquement
OBSERVER_REPORT_DESCRIPTION_EMBARKATION_DATE,Date d’embarquement
OBSERVER_REPORT_DESCRIPTION_EMBARKATION_LABEL,Période d’embarquement
OBSERVER_REPORT_DESCRIPTION_EMBARKATION_PORT,Port d’embarquement
OBSERVER_REPORT_DESCRIPTION_FROM,De
OBSERVER_REPORT_DESCRIPTION_OBSERVATION_LABEL,Période d’observation
OBSERVER_REPORT_DESCRIPTION_OBSERVER,Observateur
OBSERVER_REPORT_DESCRIPTION_OBSERVER_LABEL,Période d’observation
OBSERVER_REPORT_DESCRIPTION_OBSERVER_NAME,Nom de l’observateur
OBSERVER_REPORT_DESCRIPTION_TAB_TITLE,Description
OBSERVER_REPORT_DESCRIPTION_TIMELINE,Chronologie
OBSERVER_REPORT_DESCRIPTION_TITLE,Description
OBSERVER_REPORT_DESCRIPTION_TO,À
OBSERVER_REPORT_DESCRIPTION_TRIP_LABEL,Période de sortie
OBSERVER_REPORT_DRA,Tirant d’eau
OBSERVER_REPORT_ENGINE_POWER,Puissance du moteur
OBSERVER_REPORT_ETP,ETP
OBSERVER_REPORT_FISH_CONSERVATION_METHODS,Méthodes de conservation du poisson
OBSERVER_REPORT_FISH_PRESERVATION,Conservation du poisson
OBSERVER_REPORT_FREEZING_CAPACITY,Capacité de congélation
OBSERVER_REPORT_GT,Tonnage brut
OBSERVER_REPORT_HF_RADIO,Radio HF
OBSERVER_REPORT_LICENCE_NUMBER,Numéro de licence
OBSERVER_REPORT_LOA,Longueur hors tout (LHT)
OBSERVER_REPORT_LOGBOOK_LINKED,L’entrée du journal de bord (%s) est liée à ce voyage
OBSERVER_REPORT_LOGBOOK_NOT_LINKED,Aucune entrée de journal de bord n’est associée à ce voyage
OBSERVER_REPORT_LOGBOOK_TAB_TITLE,Journal de bord
OBSERVER_REPORT_LOGBOOK_TITLE,Lien avec le journal de bord
OBSERVER_REPORT_NATIONALITY,Nationalité
OBSERVER_REPORT_NET_PROBE,Sonde de filet
OBSERVER_REPORT_NET_TONNAGE,Tonnage net
OBSERVER_REPORT_NIGHT,Nuit
OBSERVER_REPORT_NUMBER_OF_STORES,Nombre de cales
OBSERVER_REPORT_OBS_ABSENT,Absent
OBSERVER_REPORT_OBS_PRESENT,Présent
OBSERVER_REPORT_RADAR,Radar
OBSERVER_REPORT_REGISTRATION_NUMBER,Numéro d’immatriculation
OBSERVER_REPORT_REPORT_SELECTED,Rapport
OBSERVER_REPORT_ROUTE_TRACER,Traceur de route
OBSERVER_REPORT_SATELITE,Satellite
OBSERVER_REPORT_SELECT_REPORT_LABEL,Sélectionner un rapport
OBSERVER_REPORT_SONAR,Sonar
OBSERVER_REPORT_SOUNDER,Sondeur
OBSERVER_REPORT_SPEED,Vitesse
OBSERVER_REPORT_STORAGE_CAPACITY,Capacité de stockage
OBSERVER_REPORT_TITLE,Programme d’observateurs - Détails du rapport
OBSERVER_REPORT_TRIP_ACTIVITY,Activité
OBSERVER_REPORT_TRIP_ACTIVITY_ID,ID de l’activité
OBSERVER_REPORT_TRIP_DAYTIME,Période diurne
OBSERVER_REPORT_TRIP_DISCARD,Rejeté
OBSERVER_REPORT_TRIP_DISCARD_QUANTITY,Quantité rejetée
OBSERVER_REPORT_TRIP_ETP,ETP
OBSERVER_REPORT_TRIP_FROM,De
OBSERVER_REPORT_TRIP_FULL_TRIP,Voyage complet
OBSERVER_REPORT_TRIP_GEAR,Engin
OBSERVER_REPORT_TRIP_INDICATOR_DAYS,Jours
OBSERVER_REPORT_TRIP_INDICATOR_ETP_SPECIES,Espèces ETP
OBSERVER_REPORT_TRIP_INDICATOR_NUMBER_OF_OPERATIONS,Nombre d’opérations de pêche
OBSERVER_REPORT_TRIP_INDICATOR_NUMBER_OF_SPECIES,Nombre d’espèces
OBSERVER_REPORT_TRIP_INDICATOR_OBSERVATION_DURATION,Durée de l’observation
OBSERVER_REPORT_TRIP_INDICATOR_SPECIES,espèces
OBSERVER_REPORT_TRIP_INDICATOR_TOTAL_DISCARD,Total rejeté
OBSERVER_REPORT_TRIP_INDICATOR_TOTAL_LANDED,Total débarqué
OBSERVER_REPORT_TRIP_INDICATOR_TRIP_DURATION,Durée du voyage
OBSERVER_REPORT_TRIP_INDICATOR_WITH_OBSERVER,avec observateur
OBSERVER_REPORT_TRIP_LANDED,Débarqué
OBSERVER_REPORT_TRIP_LANDED_QUANTITY,Quantité débarquée
OBSERVER_REPORT_TRIP_MAP_TITLE,Localisation des activités
OBSERVER_REPORT_TRIP_NO,Non
OBSERVER_REPORT_TRIP_OBSERVER_PRESENT,Observateur
OBSERVER_REPORT_TRIP_OTHER_SPECIES,Autres espèces
OBSERVER_REPORT_TRIP_PLOT_TITLE,Répartition des captures
OBSERVER_REPORT_TRIP_SPECIES,Espèces
OBSERVER_REPORT_TRIP_TAB_TITLE,Voyage et activités
OBSERVER_REPORT_TRIP_TITLE,Voyage et activités
OBSERVER_REPORT_TRIP_TO,À
OBSERVER_REPORT_TRIP_TOTAL_QUANTITY,Quantité totale
OBSERVER_REPORT_TRIP_WIRED_CABLE,Câble filaire
OBSERVER_REPORT_TRIP_YES,Oui
OBSERVER_REPORT_UNIT_UNKNOWN,Unité inconnue
OBSERVER_REPORT_UNKNOWN,Inconnu
OBSERVER_REPORT_VESSEL,Navire
OBSERVER_REPORT_VESSEL_CARACTERISTICS,Caractéristiques du navire
OBSERVER_REPORT_VESSEL_EQUIPMENTS,Équipements du navire
OBSERVER_REPORT_VESSEL_INFO_TITLE,Informations sur le navire
OBSERVER_REPORT_VESSEL_NAME,Nom du navire
OBSERVER_REPORT_VESSEL_OWNER,Propriétaire du navire
OBSERVER_REPORT_VESSEL_TAB_TITLE,Informations sur le navire
OBSERVER_REPORT_VHF_RADIO,Radio VHF
OBSERVER_REPORT_WIDTH,Largeur
OVERVIEW_VESSEL_HOMEPORT_DATA_EXPORT_FILENAME,Détail par type de navire en
OVERVIEW_VESSEL_HOMEPORT_MAP_LABEL_HOMEPORT,Port d'attache
OVERVIEW_VESSEL_HOMEPORT_MAP_LABEL_NUMBER_OF_VESSELS,Nombre de navires
OVERVIEW_VESSEL_HOMEPORT_PDF_TITLE,Détail par type de navire en
OVERVIEW_VESSEL_HOMEPORT_TABLE_COLNAME_1,Type de navire
OVERVIEW_VESSEL_HOMEPORT_TABLE_COLNAME_2,Comptage
OVERVIEW_VESSEL_PYRAMID_BOX_LABEL,Répartition par âge de la flotte
OVERVIEW_VESSEL_SUNBURST_BOX_LABEL,Profil du navire
OVERVIEW_VESSEL_TABLE_BOX_LABEL,Nombre de navires
OVERVIEW_VESSEL_TITLE_DATA,Données
OVERVIEW_VESSEL_TITLE_HOMEPORT,Détail des navires en %s par port d'attache
OVERVIEW_VESSEL_TITLE_MAP,Carte
OVERVIEW_VESSEL_TITLE_PIECHART,Détail des navires en %s par type de navire
OVERVIEW_VESSEL_TITLE_TABLE,Détail des navires en %s par type de navire
OVERVIEW_VESSEL_TITLE_VESSELTYPE_HOMEPORT,Détail des types de navires en %s par port d'attache
OVERVIEW_VESSEL_VERTICALTABPANEL_GRAPHS,Profil
OVERVIEW_VESSEL_VERTICALTABPANEL_MAPS,Cartes
OVERVIEW_VESSEL_VERTICALTABPANEL_TABLE,Statistiquess
OVERVIEW_VESSEL_VESSELTYPE_HOMEPORT_DATA_EXPORT_FILENAME,Détail par port d'attache en
OVERVIEW_VESSEL_VESSELTYPE_HOMEPORT_PDF_TITLE,Détail par port d'attache en
OVERVIEW_VESSEL_VESSELTYPE_HOMEPORT_TABLE_COLNAME_1,Port d'attache
OVERVIEW_VESSEL_VESSELTYPE_HOMEPORT_TABLE_COLNAME_2,Comptage
OVERVIEW_VESSELTYPE_LANDINGSITE_DATA_EXPORT_FILENAME,Détail par port d'attache-site de débarquement en
OVERVIEW_VESSELTYPE_LANDINGSITE_PDF_TITLE,Détail par port d'attache/site de débarquement en
OVERVIEW_VESSELTYPE_LANDINGSITE_TABLE_COLNAME_1,Site de débarquement/port d'attacheT
OVERVIEW_VESSELTYPE_LANDINGSITE_TABLE_COLNAME_2,Type de navire
OVERVIEW_VESSELTYPE_LANDINGSITE_TABLE_COLNAME_3,Comptage
OVERVIEW_VESSELTYPE_TITLE_LANDINGSITE,Détail des types de navires en %s par site de débarquement
OWNERSHIP_DATA_EXPORT_FILENAME,navire_propriétaires_%s
OWNERSHIP_PDF_TITLE,Vessel '%s' (%s) - Propriété
OWNERSHIP_TABLE_COLNAME_0,Type d'entité
OWNERSHIP_TABLE_COLNAME_1,Nom complet
OWNERSHIP_TABLE_COLNAME_2,Numéro de document d'identité
OWNERSHIP_TABLE_COLNAME_3,Addresse
OWNERSHIP_TABLE_COLNAME_4,Ville
OWNERSHIP_TABLE_COLNAME_5,Code postal
OWNERSHIP_TABLE_COLNAME_6,Numéro de téléphone
OWNERSHIP_TABLE_COLNAME_7,Numéro de portable
PERCENT_CHOICE,Histogramme
PERCENT_X_LABEL,Âge
PERCENT_Y_LABEL,Pourcentage
PERIOD,Période
PICKER_LABEL_VESSELS,Navires
PICKER_LABEL_VESSELS_BY_PAGE,Navires par page
PICKER_LABEL_VESSELS_HINT,Seuls cinq navires peuvent être sélectionnés en même temps
PLOT_XLAB,Temps
PLOT_YLAB,Quantité
POWER,Puissance
PROJECTION_VARIATION,Projeter la variabilité
PYRAMID_CHOICE,Graphique en pyramide
PYRAMID_X_LABEL,Nombre
PYRAMID_Y_LABEL,Âge
QUANTITY_PLOT_YLAB,Quantité
QUARTILES,quartiles
RANK_LABEL,Afficher les x espèces les plus pêchées :
RANK_METHOD,Méthode de classement :
RECOMPUTE_REASON,Explication
REFRESH,Rafraîchir
REGISTRATION_NUMBER,Numéro d'enregistrement
REGISTRATION_PORT,Port d'enregistrement
RELEASE_DEPENDENT_LABEL,Effectuer un release pour les indicateurs dépendants
RELEASE_NO_DATA_LABEL,Pas encore de données en release
RETRIEVE_INDICATOR_FOR_LABEL,Récupérer un indicateur pour
ROW_VARIABLES,Afficher en lignes
RUN_SELECTION_LABEL,Lancer la sélection
SELECT_TRIP_MSG,Sélectionner un critère pour voir les sorties de pêche correspondantes
SELECTED_VARIABLES,Variables sélectionnées
SPECIES_GROUP_STATISTIC_LABEL,Groupes d'espèces
SPECIES_GROUP_YLAB,Quantité
SPECIES_LABEL,Espèce
SPECIES_STATISTIC_LABEL,Espèce
SPECIES_YLAB,Quantité
SPEED,Vitesse
STACKED_CHOICE,Diagramme en bâton
STACKED_X_LABEL,Âge
STACKED_Y_LABEL,Nombre
STANDARD_DEVIATION,Déviation Standard (SD)
STANDARD_ERROR,Erreur standard (SE)
STATISTIC,Statistique
LINECHART_STATISTIC_DATA_EXPORT_FILENAME,%s_%s_statistiques
STATISTIC_DATA_EXPORT_FILENAME,table_statistiques
LINECHART_STATISTIC_PDF_TITLE,Statistiques par %s - %s
STATISTIC_PDF_TITLE,Table statistique
STATISTIC_TABLE_COLNAME_1,Année
STATISTIC_TABLE_COLNAME_4,Somme
STATISTIC_TABLE_COLNAME_5,Moyenne
STATISTIC_TABLE_COLNAME_6,Médiane
STATUS,Statut
STATUS_APPROVED,Approuvé
STATUS_COMPUTED,Terminé
STATUS_NOT_AVAILABLE,Non calculable
STATUS_TO_COMPUTE,A calculer
STEP_SELECTOR_LABEL,Grouper les âges par :
SUCCESS,Succès
SUCCESS_COMPUTING_LABEL,Indicateur calculé avec succès
SUCCESS_REPORTING_LABEL,Rapport généré avec succès
SUMMARY,Rapports
SUMMARY_CATCHES_COLNAME_1,Années
SUMMARY_CATCHES_COLNAME_2,Jours en mer
SUMMARY_CATCHES_COLNAME_3,Quantité
SUMMARY_CATCHES_DATA_EXPORT_FILENAME,navire_résumé_captures_%s
SUMMARY_CATCHES_PDF_TITLE,Navire '%s' (%s) - Résumé de captures (à la date du %s)
SUMMER_DEADWEIGHT,Poids mort d'été (t)
TABLE_COLNAME_NAME,Nom
TABLE_COLNAME_QUANTITY,Quantité
TABLE_COLNAME_YEAR,Année
TABLE_LANGUAGE,//cdn.datatables.net/plug-ins/1.10.11/i18n/French.json
TABPANEL_BREAKDOWN_BY_SPECIES,Détail par espèce
TABPANEL_BREAKDOWN_BY_SPECIES_GROUPS,Groupes d'espèces
TABPANEL_BY_LANDING_SITE,By site de débarquement
TABPANEL_BY_LANDING_SITE_SELECT_LABEL,Année
TABPANEL_BY_LANDING_SITE_SELECT_PLACEHOLDER_LABEL,Sélectionner une année
TABPANEL_BY_OWNER,Par propriétaire
TABPANEL_BY_OWNER_SELECT_LABEL,Propriétaire de navire (entreprise)
TABPANEL_BY_OWNER_SELECT_PLACEHOLDER_LABEL,Sélectionner un propriétaire de navire
TABPANEL_BY_VESSEL,Par navire
TABPANEL_BY_VESSEL_SELECT_LABEL,Navire
TABPANEL_BY_VESSEL_SELECT_PLACEHOLDER_LABEL,Sélectionner un navire
TABPANEL_CHARACTERISTICS,Caractéristiques
TABPANEL_HISTORY,Historique
TABPANEL_INFO,Info
TABPANEL_PLOT,Graphique
TABPANEL_REGISTRATION,Enregistrement
TABPANEL_SPECIES,Espèce
TABPANEL_SPECIES_GROUPS,Groupes d'espèces
TABPANEL_STATISTIC,Statistiques
TABPANEL_SUMMARY,Résumé
TEMPORAL_RESOLUTION,Résolution temporelle
TITLE_TRIP_DETAILS_FOR_VESSEL,Détail de la sortie de pêche pour le navire
TO_CANCEL_RECOMPUTE_LABEL,Annuler
TO_CANCEL_RELEASE_LABEL,Annuler
TO_CREATE_RECOMPUTE_LABEL,OK
TO_CREATE_RELEASE_LABEL,OK
TOTAL,Total
TOTAL_CATCH_OVER_THE_PERIOD,Capture totale sur la période
TOTAL_LABEL,Grand Total
TOTAL_QUANTITIES_GRAPH_TITLE,Quantités totales par an
TOTAL_QUANTITY_UNITS_TONS,tonnes
TRAWLING_SPEED,Vitesse de chalutage
TRIP_FROM,Sortie de pêche de
TRIP_TABLE_COLNAME_1,Espèce
TRIP_TABLE_COLNAME_2,Quantité
TRIP_TABLE_COLNAME_3,Pourcentage
UNRELEASE_DEPENDENT_LABEL,Retirer le release des indicateurs dépendants
VERTICALTABPANEL_BREAKDOWN_BY_FISHING_ZONE,Détail par zone de pêche
VERTICALTABPANEL_BREAKDOWN_BY_GEAR_TYPES,Détail par type d'engin de pêche
VERTICALTABPANEL_BREAKDOWN_BY_LANDING_SITES,Détail par site de débarquement
VERTICALTABPANEL_BREAKDOWN_BY_SPECIES,Détail par espèce
VERTICALTABPANEL_BREAKDOWN_BY_VESSEL_TYPES,Détail par type de navire
VERTICALTABPANEL_CATCHES,Captures
VERTICALTABPANEL_FISHING_TRIPS,Sorties de pêche
VERTICALTABPANEL_GLOBAL_QUANTITY,Quantité totale
VERTICALTABPANEL_GLOBAL_VESSEL,Total de navires
VERTICALTABPANEL_HISTORY,Historique
VERTICALTABPANEL_INDIVIDUAL_QA_DOB,Date de naissance
VERTICALTABPANEL_INDIVIDUAL_ROLES,Roles
VERTICALTABPANEL_LICENCES,Licenses
VERTICALTABPANEL_OWNERSHIP,Propriété
VERTICALTABPANEL_VESSEL_QA_ACTIVITY,Activité de pêche
VERTICALTABPANEL_VESSEL_QA_CHARACTERISTICS,Caractéristiques
VERTICALTABPANEL_VESSEL_QA_LICENSE,Licence de navire
VERTICALTABPANEL_VESSEL_QA_NAMES,Noms des navires
VERTICALTABPANEL_VESSEL_QA_PORTS,Ports d'attache/enregistrement
VERTICALTABPANEL_VESSEL_QA_VOP_STATUS,Statut opérationnel
VESSEL TYPE,Type de navire
VESSEL_FINDER,VesselFinder
VESSEL_FINDER_DATA_COLNAME,VesselFinder*
VESSEL_INFO_TITLE,Information de navire
VESSEL_LIST_SUBTITLE,Accéder à l'information relative aux navires
VESSEL_LIST_TABLE_COLNAME_DETAILS,
VESSEL_LIST_TABLE_COLNAME_HOMEPORT,Port d'attache/site de débarquement
VESSEL_LIST_TABLE_COLNAME_LICENSESTATUS,Statut de license
VESSEL_LIST_TABLE_COLNAME_NAME,Nom
VESSEL_LIST_TABLE_COLNAME_OPSTATUS,Type opérationnel de navire
VESSEL_LIST_TABLE_COLNAME_REGNUMBER,Numéro d'enregistrement
VESSEL_LIST_TABLE_COLNAME_REGPORT,Port d'enregistrement/site de débarquement
VESSEL_LIST_TABLE_COLNAME_VESSELSTATTYPE,type statistique de navire
VESSEL_LIST_TABLE_COLNAME_VESSELSTATUS,Statut du navire
VESSEL_LIST_TABLE_COLNAME_VESSELTYPE,Type de navire
VESSEL_LIST_TABLE_RECORD_ACCESS,Détails
VESSEL_LIST_TITLE,Liste des navires
VESSEL_LIST_VESSEL_STATUS_ACTIVE,Actif
VESSEL_LIST_VESSEL_STATUS_INACTIVE,Inactif
VESSEL_LIST_VESSEL_STATUS_UNDEFINED,Indéfini
VESSEL_NAME,Nom du navire
VESSEL_OVERVIEW_SUBTITLE,Visualiser l'aperçu des navires
VESSEL_OVERVIEW_TITLE,aperçu des navires
VESSEL_PROPERTY_ENERGYTYPE,Type d'énergie
VESSEL_PROPERTY_ENGINETYPE,Type de moteur
VESSEL_PROPERTY_HOMEPORT,Port d'attache
VESSEL_PROPERTY_MANUFACTURER,Fabricant
VESSEL_PROPERTY_OPERATIONAL_STATUS,Statut opérationnel
VESSEL_PROPERTY_REGPORT,Port d'enregistrement
VESSEL_PROPERTY_STATUS,Statut
VESSEL_PROPERTY_VESSELTYPE,Type de navire
VESSEL_QA_LICENSE_STATUS_EXPIRED,Expirée
VESSEL_QA_LICENSE_STATUS_NOTCOMPLETED,Incomplet
VESSEL_QA_LICENSE_STATUS_VALID,Valide
VESSEL_QA_STATUS_CHAR_TOCHECK,A compléter
VESSEL_QA_STATUS_CHAR_VALID,Complété
VESSEL_QA_STATUS_INACTIVITY,En activité
VESSEL_QA_STATUS_NOACTIVITY,Sans activité
VESSEL_QA_STATUS_TOCHECK,A vérifier
VESSEL_QA_STATUS_VALID,Valide
VESSEL_QA_SUBTITLE,Accéder aux indicateurs de qualité de l'information des navires
VESSEL_QA_TABLE_CHAR_COLNAME_1,Action
VESSEL_QA_TABLE_CHAR_COLNAME_2,LOA
VESSEL_QA_TABLE_CHAR_COLNAME_3,DRA
VESSEL_QA_TABLE_CHAR_COLNAME_4,Tonnage
VESSEL_QA_TABLE_CHAR_COLNAME_5,Vitesse
VESSEL_QA_TABLE_CHAR_COLNAME_6,Puissance
VESSEL_QA_TABLE_COLNAME_1,Action
VESSEL_QA_TABLE_COLNAME_2,Comptage
VESSEL_QA_TABLE_FISHINGTRIPS_COLNAME_1,Statut d'activité
VESSEL_QA_TABLE_FISHINGTRIPS_COLNAME_2,Période historique
VESSEL_QA_TABLE_FISHINGTRIPS_COLNAME_3,Anée en cours
VESSEL_QA_TABLE_LICENSE_COLNAME_1,Statut de license
VESSEL_QA_TABLE_LICENSE_COLNAME_2,Comptage
VESSEL_QA_TABLE_PORT_COLNAME_1,Action
VESSEL_QA_TABLE_PORT_COLNAME_2,Port d'attache
VESSEL_QA_TABLE_PORT_COLNAME_3,Port d'enregistrement
VESSEL_QA_TABLE_VOP_STATUS_COLNAME_1,Statut opérationnel
VESSEL_QA_TABLE_VOP_STATUS_COLNAME_2,Comptage
VESSEL_QA_TITLE,Evaluation de la qualité de l'information des navires
VESSEL_QA_TITLE_ACTIVITY,Evaluation de la qualité - Navires avec/sans activité de pêche
VESSEL_QA_TITLE_CHARACTERISTICS,Evaluation de la qualité - Noms des navires - Caractéristiques des navires
VESSEL_QA_TITLE_LICENSE,Evaluation de la qualité - Noms des navires - Navires sans licence ou avec license expirée l'année en cours
VESSEL_QA_TITLE_NAMES,Evaluation de la qualité - Noms des navires
VESSEL_QA_TITLE_PORTS,Evaluation de la qualité - Port d'attache/enregistrement
VESSEL_QA_TITLE_VOP_STATUS,Evaluation de la qualité - Statut opérationnel des navires
VESSEL_STAT_TYPE,Type statistique
VESSEL_STATUS_ACTIVE,Navire actif
VESSEL_STATUS_INACTIVE,Navire non actif
VESSEL_TYPE,Type de navire
VESSEL_TYPE_LABEL,Type de navire
VESSEL_UNKNOWN_VALUE,Inconnu
VESSELS,Navires
VESSELS_LABEL,Navires 
WARNING,Avertissement
WARNING_MESSAGE,Les captures rapportées ici sont le résultat d'enquêtes par échantilonnage (pêcheries artisanales) et ne reflètent pas les captures totales pour le navire sélectionné
WARNING_REPORTING_LABEL_EMPTY_REPORT,Le rapport généré est vide!
WEEKLY,Hebdomadaire
YEARLY,Annuelle
